<?xml version='1.0' encoding='UTF-8' ?>
<timeLogEntries>
  <time id="1" path="/Non Project/PSP for Engineers/Program 1/Planning" start="@1471016752398" delta="3" />
  <time id="2" path="/LAB2-U1-15103095/PSP0/Planning" start="@1471018140198" delta="9" />
  <time id="3" path="/LAB2-U1-15103095/PSP0/Design" start="@1471018689317" delta="44" />
  <time id="4" path="/LAB2-U1-15103095/PSP0/Code" start="@1471021314394" delta="44" />
  <time id="5" path="/LAB2-U1-15103095/PSP0/Code" start="@1471105182221" delta="187" interrupt="27" />
  <time id="6" path="/LAB2-U1-15103095/PSP0/Code" start="@1471126876004" delta="112" />
  <time id="7" path="/LAB2-U1-15103095/PSP0/Code" start="@1471147249371" delta="103" />
  <time id="8" path="/LAB2-U1-15103095/PSP0/Code" start="@1471193235130" delta="174" />
  <time id="9" path="/LAB2-U1-15103095/PSP0/Compile" start="@1471204487919" delta="229" />
  <time id="10" path="/LAB2-U1-15103095/PSP0/Test" start="@1471218225725" delta="11" />
  <time id="11" path="/LAB2-U1-15103095/PSP0/Postmortem" start="@1471218913726" comment="Mas tiempo de planeacioón." />
  <time id="12" path="/LAB2-U1-15103095/PSP0/Postmortem" start="@1471218902640" delta="2" />
  <time id="13" path="/LAB3-U1-15103095/PSP0/Planning" start="@1471617549309" delta="41" />
  <time id="14" path="/LAB3-U1-15103095/PSP0/Design" start="@1471619989791" delta="35" />
  <time id="15" path="/LAB3-U1-15103095/PSP0/Code" start="@1471624555328" delta="76" />
  <time id="16" path="/LAB3-U1-15103095/PSP0/Code" start="@1471665066867" delta="56" />
  <time id="17" path="/LAB3-U1-15103095/PSP0/Code" start="@1471701046676" delta="60" />
  <time id="18" path="/LAB3-U1-15103095/PSP0/Code" start="@1471704960749" delta="143" />
  <time id="19" path="/LAB3-U1-15103095/PSP0/Code" start="@1471725877675" delta="241" />
  <time id="20" path="/LAB3-U1-15103095/PSP0/Compile" start="@1471740326541" delta="21" />
  <time id="21" path="/LAB3-U1-15103095/PSP0/Test" start="@1471741559367" delta="3" />
  <time id="23" path="/LAB3-U1-15103095/PSP0/Postmortem" start="@1471741728735" delta="2" />
  <time id="22" path="/LAB3-U1-15103095/PSP0/Postmortem" start="@1471741737623" comment="tener más parte de analisis " />
  <time id="24" path="/LAB3-U1-15103095/PSP0/Postmortem" start="@1471741823180" comment="Terminar los labs anteriores para tener un buen manejo de este" />
  <time id="25" path="/LAB1-U2-15103095/PSP0/Planning" start="@1472256906118" delta="157" />
  <time id="26" path="/LAB1-U2-15103095/PSP0/Planning" start="@1472266509342" delta="7" />
  <time id="27" path="/LAB1-UND2-15103095/PSP0/Planning" start="@1472266995607" delta="16" />
  <time id="28" path="/LAB1-UND2-15103095/PSP0/Design" start="@1472267975537" delta="27" />
  <time id="29" path="/LAB1-UND2-15103095/PSP0/Code" start="@1472269588843" delta="300" interrupt="570" />
  <time id="30" path="/LAB1-UND2-15103095/PSP0/Code" start="@1472326723641" delta="136" />
  <time id="31" path="/LAB1-UND2-15103095/PSP0/Compile" start="@1472336728980" delta="26" />
  <time id="32" path="/LAB1-UND2-15103095/PSP0/Test" start="@1472338292306" delta="7" />
  <time id="33" path="/LAB2-U2-15103095/PSP0/Planning" start="@1472826043299" delta="26" />
  <time id="34" path="/LAB2-U2-15103095/PSP0/Design" start="@1472827623407" delta="32" />
  <time id="35" path="/LAB2-U2-15103095/PSP0/Code" start="@1472829558557" delta="69" interrupt="6" />
  <time id="36" path="/LAB2-U2-15103095/PSP0/Code" start="@1472917310669" delta="22" />
  <time id="37" path="/LAB2-U2-15103095/PSP0/Code" start="@1472918635121" delta="232" />
  <time id="38" path="/LAB2-U2-15103095/PSP0/Code" start="@1472933207472" delta="127" />
  <time id="39" path="/LAB2-U2-15103095/PSP0/Compile" start="@1472940798741" delta="24" />
  <time id="40" path="/LAB2-U2-15103095/PSP0/Test" start="@1472942247693" delta="5" />
  <time id="41" path="/LAB2-U2-15103095/PSP0/Postmortem" start="@1472942542058" delta="3" />
  <time id="42" path="/LAB1-U3-15103095/PSP0/Planning" start="@1474081056769" delta="22" />
  <time id="43" path="/LAB1-U3-15103095/PSP0/Design" start="@1474082373086" delta="63" />
  <time id="44" path="/LAB1-U3-15103095/PSP0/Code" start="@1474086135935" delta="66" />
  <time id="45" path="/LAB1-U3-15103095/PSP0/Code" start="@1474136516785" delta="323" />
  <time id="46" path="/LAB1-U3-15103095/PSP0/Compile" start="@1474155894083" delta="9" />
  <time id="47" path="/LAB1-U3-15103095/PSP0/Test" start="@1474156443010" delta="6" />
  <time id="48" path="/LAB1-U3-15103095/PSP0/Postmortem" start="@1474156775021" delta="2" />
  <time id="49" path="/LAB2-U3-15103095/PSP0/Planning" start="@1474505137049" delta="22" />
  <time id="50" path="/LAB2-U3-15103095/PSP0/Design" start="@1474506479368" delta="70" />
  <time id="51" path="/LAB2-U3-15103095/PSP0/Code" start="@1474510668563" delta="5" />
  <time id="52" path="/LAB2-U3-15103095/PSP0/Code" start="@1474547166637" delta="67" />
  <time id="53" path="/LAB2-U3-15103095/PSP0/Code" start="@1474588250187" delta="389" />
  <time id="54" path="/LAB2-U3-15103095/PSP0/Code" start="@1474639630788" delta="122" />
</timeLogEntries>
